First Name,Last Name,Email,Gender,Salary,Bank Name,Credit Card
Cece,Couldwell,ccouldwell0@gmpg.org,Male,2926,BRED Cofilease,2.01624E+14
Arnold,Scolland,ascolland1@dailymotion.com,Male,5654,PNC BANK INC. - BALTIMORE,5352978925682031
Jess,Fedoronko,jfedoronko2@squidoo.com,Male,9189,State Bank of India,3.01831E+13
Olivero,Souter,osouter3@ehow.com,Male,2827,Raiffeisenbank Eggenburg eGen,5431316095457535
Garnette,Braybrooke,gbraybrooke4@mtv.com,Genderqueer,5595,BANK OF HOPE,5893187737146112
Tawsha,Feavearyear,tfeavearyear5@census.gov,Female,4927,BPCE,4903286436768562912
Patty,Rays,prays6@princeton.edu,Female,7756,PROSPERITY BANK,3570980176131263
Arty,Tower,atower7@naver.com,Male,6781,CITIZENS STATE BANK,3541400771076728
Tammie,Hollingsby,thollingsby8@cbslocal.com,Agender,1574,FIFTH THIRD BANK,3.00596E+13
Reed,Wyse,rwyse9@narod.ru,Male,7764,Ardee Credit Union Limited,3549712085127365
Alphonso,Proger,aprogera@blogspot.com,Male,1794,CITIBANK,3542862632466951
Jillie,Smallshaw,jsmallshawb@booking.com,Female,4873,SECURITY BANK,3568927278231842
Margarethe,Colmore,mcolmorec@facebook.com,Female,6403,Crédit Agricole S.A.,3.03761E+13
Dennet,Iles,dilesd@reddit.com,Male,3001,UNION BANK & TRUST,4.01796E+12
Karoline,McGrudder,kmcgruddere@oaic.gov.au,Female,2840,BANCA DEL PIEMONTE S.P.A.,3551742941010674
Andris,Battaille,abattaillef@amazon.co.uk,Male,6645,"Northmill Bank AB, filial i Finland",3.67198E+13
Sally,Skitch,sskitchg@blogs.com,Female,2733,THE PEOPLES BANK,560222198434261464
Dillie,Sweeting,dsweetingh@amazon.co.uk,Male,5846,Bayerische Landesbank,5567345978633868
Emylee,Viles,evilesi@github.io,Female,1148,COMMERCE BANK,3529685045048745
Hillie,Cobain,hcobainj@skyrock.com,Male,1581,BANCA DI CREDITO COOPERATIVO DI TERRA D'OTRANTO - SOCIETA' COOPERATIVA,3550620492835445
Cordelie,Jamot,cjamotk@blog.com,Female,2179,PNC BANK,4.91762E+15
Herve,Gheeraert,hgheeraertl@creativecommons.org,Male,9572,MUFG UNION BANK,5602249574424507
Genia,Fernant,gfernantm@blogs.com,Female,2709,CITIZENS STATE BANK,3.0204E+13
Randee,de Mendoza,rdemendozan@cocolog-nifty.com,Female,3065,"Banco de Sabadell, S.A.",3.03102E+13
Cherye,Yesinin,cyesinino@hp.com,Female,2901,Deutsche Bank Luxembourg S.A.,3572466028676653
Tymon,Adderson,taddersonp@pcworld.com,Male,4551,BANK OF AMERICA,6381122977631108
Marion,Weekes,mweekesq@biblegateway.com,Female,1034,FRANDSEN BANK & TRUST,4405749280335378
Ursola,Roggers,uroggersr@nydailynews.com,Female,3793,Caja Laboral Popular Coop. de Crédito,3585306474465109
Morty,Powlesland,mpowleslands@berkeley.edu,Male,6141,Raiffeisenbank Mittelschwaben eG,3561599481355697
Dwight,Dubber,ddubbert@independent.co.uk,Male,8336,BMO HARRIS BANK,677101169954160566
Jobye,Dury,jduryu@mediafire.com,Female,2734,BANK OF AMERICA,4913366542639862
June,Blenkensop,jblenkensopv@cnbc.com,Female,5791,Spar- und Darlehnskasse Börde Lamstedt-Hechthausen eG,3560982414386909
Simmonds,Anstead,sansteadw@walmart.com,Male,1525,BANCO POPULAR,6333451116907163312
Quinta,Ugo,qugox@nationalgeographic.com,Female,6925,Raiffeisenbank Lech am Arlberg eGen,5610529640889092
Benoit,Oleksinski,boleksinskiy@google.ru,Male,7958,FIRST NATIONAL BANK OF OMAHA,670691351123808405
Amery,Nye,anyez@wikipedia.org,Male,2734,FIRST NATIONAL BANK OF PENNSYLVANIA,3577926027857732
Lu,Philippou,lphilippou10@e-recht24.de,Female,4048,FIFTH THIRD BANK,6395105915096454
Sholom,Wolford,swolford11@dailymotion.com,Male,7690,FIRST COMMUNITY BANK,3528167301354571
Kristine,Saunton,ksaunton12@narod.ru,Female,3313,LBS Landesbausparkasse NordOst AG,3554938651079274
Lon,Bagby,lbagby13@senate.gov,Male,2624,Volksbank eG Oldenburg-Land Delmenhorst,5100132954505631
Valli,Priditt,vpriditt14@slate.com,Agender,1925,WELLS FARGO BANK,4.02649E+15
Royall,Gratrex,rgratrex15@cbsnews.com,Male,6700,Kreissparkasse Groß-Gerau,3533440979186499
Andrew,Cronk,acronk16@imageshack.us,Male,3839,BANCO BPM SOCIETA' PER AZIONI,5602215319106535
Rochelle,Svanetti,rsvanetti17@delicious.com,Female,2003,M & T BANK,3538188197935511
Susanne,Scroggie,sscroggie18@wired.com,Female,7072,ISTITUTO PER IL CREDITO SPORTIVO E CULTURALE S.P.A.,5020982035798218
Ferd,Jukes,fjukes19@freewebs.com,Male,4423,SMART BANK SOCIETÀ PER AZIONI IN AMMINISTRAZIONE STRAORDINARIA,3575845123968155
Stern,Halliday,shalliday1a@nymag.com,Male,1726,East Coast Credit Union Limited,3566022013064955
Breena,McCourt,bmccourt1b@reference.com,Female,8621,BANCO BPM SOCIETA' PER AZIONI,3584305911851286
Deborah,Swinyard,dswinyard1c@geocities.com,Female,5202,BANK OF NEW YORK MELLON,3548236416106576
Jody,Boissier,jboissier1d@java.com,Female,3358,VR-Bank Ismaning Hallbergmoos Neufahrn eG,3.55487E+15
Benn,Forcer,bforcer1e@state.tx.us,Male,3447,EUREX Clearing Aktiengesellschaft,3.69875E+13
Brandy,Ramshay,bramshay1f@jimdo.com,Male,4168,CAPITAL BANK,3577552462957769
Leigh,Blaksley,lblaksley1g@wufoo.com,Genderqueer,6003,BANCO BPM SOCIETA' PER AZIONI,676766134205286071
Thom,Belvin,tbelvin1h@bbb.org,Male,9473,THE PEOPLES BANK,4.04137E+12
Swen,Northbridge,snorthbridge1i@google.fr,Male,9603,COMPASS BANK,4481851456034756
Freeman,Grzegorzewski,fgrzegorzewski1j@ox.ac.uk,Male,6028,M & T BANK,5893322280202059
Ethelyn,Kloisner,ekloisner1k@live.com,Female,3814,COMPASS BANK,6759501370376218125
Neville,Vasiliev,nvasiliev1l@state.gov,Male,5669,Raiffeisenbank Kieselbronn eG,3539664474342323
Dulcy,Scatcher,dscatcher1m@yellowbook.com,Female,8023,BANK OF NORTH CAROLINA,3.00492E+13
Josy,Winny,jwinny1n@is.gd,Female,4891,CENTRAL BANK,676784454045849377
Ashlen,Beeton,abeeton1o@hao123.com,Female,6558,FIFTH THIRD BANK,6767724079287111
Obie,Denis,odenis1p@nbcnews.com,Male,6130,US BANK,3581174560236501
Darcee,Kisbey,dkisbey1q@shinystat.com,Agender,7012,FIRST NATIONAL BANK OF PENNSYLVANIA,3579243780090008
Silvano,Lammin,slammin1r@ted.com,Male,2965,WELLS FARGO BANK,3574550080586443
Angelico,Burstowe,aburstowe1s@de.vu,Male,8928,SECURITY STATE BANK,5602244002724768
Editha,Simco,esimco1t@nsw.gov.au,Female,2133,BANCA NAZIONALE DEL LAVORO S.P.A. (IN FORMA CONTRATTA BNL S.P.A.),5010128284315682
Jeanie,Joslin,jjoslin1u@hhs.gov,Female,1291,Volkswagen Bank GmbH,4903933795277006969
Ron,Placstone,rplacstone1v@dell.com,Male,4579,FIRSTBANK,3546057683467133
Richard,Applewhite,rapplewhite1w@house.gov,Male,7950,Volksbank Dortmund-Nordwest eG.,4041371645421916
Helga,Chaff,hchaff1x@reverbnation.com,Female,5885,FARMERS BANK,6706461581923489907
Shannon,Antonetti,santonetti1y@statcounter.com,Male,6291,Volksbank Wilhelmshaven e.G.,3575352160367102
Edee,De Launde,edelaunde1z@netlog.com,Female,2684,Raiffeisenbank Region Graz Nord eGen,5602239945059447
Valentia,Enders,venders20@paypal.com,Female,2585,BRANCH BANKING & TRUST COMPANY,5.10875E+15
Durward,Albinson,dalbinson21@irs.gov,Male,4492,FARMERS & MERCHANTS BANK,3571763725513838
Wilbert,Wildblood,wwildblood22@fotki.com,Male,3526,CHEMICAL BANK,3552757023508261
Esra,Pettifor,epettifor23@patch.com,Male,7296,COMMERZBANK Aktiengesellschaft,3.68203E+13
Leanor,Baxter,lbaxter24@state.tx.us,Female,4541,CITIZENS BUSINESS BANK,3538246047424449
Maxwell,Timeby,mtimeby25@sciencedirect.com,Male,8868,"Mizuho Bank, Ltd. Filiale Düsseldorf",3.03645E+13
Eryn,Liverock,eliverock26@ibm.com,Female,2920,CATHAY BANK,3.53199E+15
Bobby,Jacob,bjacob27@trellian.com,Male,3976,"Prvá stavebná sporiteľňa, a.s.",3566970042055867
Mellicent,Wigmore,mwigmore28@imdb.com,Female,9767,SPAREKASSEN KRONJYLLAND,676175841550008968
Zebulen,Kleszinski,zkleszinski29@nih.gov,Bigender,4084,CAPITAL BANK,3.01882E+13
Danna,McVittie,dmcvittie2a@census.gov,Female,7228,CAPITAL ONE,5100178737677429
Archibald,Todd,atodd2b@zimbio.com,Male,9341,INTERBANK,3559376359403881
Beale,Balchin,bbalchin2c@google.com.au,Male,9305,"CACEIS Bank Spain, S.A.",4913056298202235
Pinchas,Charopen,pcharopen2d@mit.edu,Male,5097,FIRST TENNESSEE BANK,5100141093833309
Ronnica,Dainton,rdainton2e@who.int,Female,3807,Raiffeisen Bank International AG,3529824562851815
Dorris,Stranio,dstranio2f@issuu.com,Female,1313,Volksbank in der Hohen Mark eG,6709499592276299181
Janis,Street,jstreet2g@shinystat.com,Female,2328,SECURITY BANK,3562807536627799
Agustin,Schutze,aschutze2h@cisco.com,Male,9352,FIRST NATIONAL BANK,4844157470912411
Sigismund,Smallcomb,ssmallcomb2i@mediafire.com,Male,9479,COMMUNITY BANK,5048374063141073
Winslow,Baile,wbaile2j@narod.ru,Male,3533,"Caja Rural de Albal, Coop. de Crédito V.",5002357299236654
Lynsey,Tough,ltough2k@wikispaces.com,Female,5480,WELLS FARGO BANK,3.37942E+14
Rhoda,Hamments,rhamments2l@rediff.com,Female,7474,WELLS FARGO BANK,3.61114E+13
Theadora,Lamberto,tlamberto2m@jalbum.net,Female,9717,COMERICA BANK,3.76545E+14
Marlee,Snalham,msnalham2n@telegraph.co.uk,Female,7630,Volksbank eG Oldenburg-Land Delmenhorst,3561280844484728
Gardie,Keating,gkeating2o@topsy.com,Male,2494,Compagnie générale de crédit aux particuliers - Crédipar,6759540754397706
Susannah,Sparry,ssparry2p@slideshare.net,Female,9774,VR-Bank Erding eG,5100173767635892
Pamela,Gaber,pgaber2q@omniture.com,Female,5318,INTERNATIONAL BANK OF COMMERCE,633442000112772425
Alfreda,McCarrison,amccarrison2r@php.net,Female,4521,PACIFIC WESTERN BANK,5100133661861846
